Workbook

Sheet 510050
A1: 来源 | B1: 代码 | C1: 名称 | D1: 日期 | E1: 当日公示份额（万份） | F1: 当日变化 | G1: 环比变动比例 | H1: 基期总份额 | I1: 相对基期变动比例
A2: 上交所 | B2: 510050 | C2: 上证50华夏 | D2: 46204 | E2: 638886.68 | H2: 5666466.7
A3: 上交所 | B3: 510050 | C3: 上证50华夏 | D3: 46205 | E3: 667596.68 | F3: ==E3-E2 | G3: ==F3/E2 | H3: 5666466.7 | I3: ==F3/H3
A4: 上交所 | B4: 510050 | C4: 上证50华夏 | D4: 46206 | E4: 653736.68 | F4: ==E4-E3 | G4: ==F4/E3 | H4: 5666466.7 | I4: ==F4/H4
A5: 上交所 | B5: 510050 | C5: 上证50华夏 | D5: 46209 | E5: 640506.68 | F5: ==E5-E4 | G5: ==F5/E4 | H5: 5666466.7 | I5: ==F5/H5
A6: 上交所 | B6: 510050 | C6: 上证50华夏 | D6: 46210 | E6: 654456.68 | F6: ==E6-E5 | G6: ==F6/E5 | H6: 5666466.7 | I6: ==F6/H6
A7: 上交所 | B7: 510050 | C7: 上证50华夏 | D7: 46211 | E7: 659586.68 | F7: ==E7-E6 | G7: ==F7/E6 | H7: 5666466.7 | I7: ==F7/H7
A8: 上交所 | B8: 510050 | C8: 上证50华夏 | D8: 46212 | E8: 658686.68 | F8: ==E8-E7 | G8: ==F8/E7 | H8: 5666466.7 | I8: ==F8/H8
A9: 上交所 | B9: 510050 | C9: 上证50华夏 | D9: 46213 | E9: 640866.68 | F9: ==E9-E8 | G9: ==F9/E8 | H9: 5666466.7 | I9: ==F9/H9
A10: 上交所 | B10: 510050 | C10: 上证50华夏 | D10: 46216 | E10: 666786.68 | F10: ==E10-E9 | G10: ==F10/E9 | H10: 5666466.7 | I10: ==F10/H10
A11: 上交所 | B11: 510050 | C11: 上证50华夏 | D11: 46217 | E11: 685236.68 | F11: ==E11-E10 | G11: ==F11/E10 | H11: 5666466.7 | I11: ==F11/H11
A12: 上交所 | B12: 510050 | C12: 上证50华夏 | D12: 46218 | E12: 726006.68 | F12: ==E12-E11 | G12: ==F12/E11 | H12: 5666466.7 | I12: ==F12/H12
A13: 上交所 | B13: 510050 | C13: 上证50华夏 | D13: 46219 | E13: 815016.68 | F13: ==E13-E12 | G13: ==F13/E12 | H13: 5666466.7 | I13: ==F13/H13
A14: 上交所 | B14: 510050 | C14: 上证50华夏 | D14: 46220 | E14: 823746.68 | F14: ==E14-E13 | G14: ==F14/E13 | H14: 5666466.7 | I14: ==F14/H14
... A25: 上交所 | B25: 510050 | C25: 上证50华夏 | D25: 46237 | E25: 767766.68 | F25: ==E25-E24 | G25: ==F25/E24 | H25: 5666466.7 | I25: ==F25/H25
A26: 上交所 | B26: 510050 | C26: 上证50华夏 | D26: 46238 | E26: 763536.68 | F26: =E26-E25 | G26: =F26/E25 | H26: 5666466.7 | I26: =F26/H26
A27: 上交所 | B27: 510050 | C27: 上证50华夏 | D27: 46239 | E27: 714756.68 | F27: =E27-E26 | G27: =F27/E26 | H27: 5666466.7 | I27: =F27/H27
A28: 上交所 | B28: 510050 | C28: 上证50华夏 | D28: 46240 | E28: 710796.68 | F28: =E28-E27 | G28: =F28/E27 | H28: 5666466.7 | I28: =F28/H28
A29: 上交所 | B29: 510050 | C29: 上证50华夏 | D29: 46241 | E29: 689466.68 | F29: =E29-E28 | G29: =F29/E28 | H29: 5666466.7 | I29: =F29/H29
A30: 上交所 | B30: 510050 | C30: 上证50华夏 | D30: 46244 | E30: 677856.68 | F30: =E30-E29 | G30: =F30/E29 | H30: 5666466.7 | I30: =F30/H30
A31: 上交所 | B31: 510050 | C31: 上证50华夏 | D31: 46245 | E31: 714666.68 | F31: =E31-E30 | G31: =F31/E30 | H31: 5666466.7 | I31: =F31/H31
A32: 上交所 | B32: 510050 | C32: 上证50华夏 | D32: 46246 | E32: 700446.68 | F32: =E32-E31 | G32: =F32/E31 | H32: 5666466.7 | I32: =F32/H32
A33: 上交所 | B33: 510050 | C33: 上证50华夏 | D33: 46251 | E33: 691986.68 | F33: =E33-E32 | G33: =F33/E32 | H33: 5666466.7 | I33: =F33/H33
A34: 上交所 | B34: 510050 | C34: 上证50华夏 | D34: 46253 | E34: 694056.68 | F34: =E34-E33 | G34: =F34/E33 | H34: 5666466.7 | I34: =F34/H34
A35: 上交所 | B35: 510050 | C35: 上证50华夏 | D35: 46254 | E35: 729246.68 | F35: =E35-E34 | G35: =F35/E34 | H35: 5666466.7 | I35: =F35/H35
A36: 上交所 | B36: 510050 | C36: 上证50华夏 | D36: 46258 | E36: 752106.68 | F36: =E36-E35 | G36: =F36/E35 | H36: 5666466.7 | I36: =F36/H36
A37: 上交所 | B37: 510050 | C37: 上证50华夏 | D37: 46259 | E37: 763356.68 | F37: =E37-E36 | G37: =F37/E36 | H37: 5666466.7 | I37: =F37/H37
... A73: 上交所 | B73: 510050 | C73: 上证50华夏 | D73: 46322 | E73: 1279146.7 | F73: =E73-E72 | G73: =F73/E72 | H73: 5666466.7 | I73: =F73/H73

Sheet 159919
A1: 来源 | B1: 代码 | C1: 名称 | D1: 日期 | E1: 当日公示份额（万份） | F1: 当日变化 | G1: 环比变动比例 | H1: 基期总份额 | I1: 相对基期变动比例
A2: 深交所 | B2: 159919 | C2: 沪深300ETF嘉实 | D2: 46204 | E2: 655491.66 | H2: 4081881.7
A3: 深交所 | B3: 159919 | C3: 沪深300ETF嘉实 | D3: 46205 | E3: 631911.66 | F3: ==E3-E2 | G3: ==F3/E2 | H3: 4081881.7 | I3: ==F3/H3
A4: 深交所 | B4: 159919 | C4: 沪深300ETF嘉实 | D4: 46206 | E4: 542811.66 | F4: ==E4-E3 | G4: ==F4/E3 | H4: 4081881.7 | I4: ==F4/H4
A5: 深交所 | B5: 159919 | C5: 沪深300ETF嘉实 | D5: 46209 | E5: 536151.66 | F5: ==E5-E4 | G5: ==F5/E4 | H5: 4081881.7 | I5: ==F5/H5
A6: 深交所 | B6: 159919 | C6: 沪深300ETF嘉实 | D6: 46210 | E6: 535611.66 | F6: ==E6-E5 | G6: ==F6/E5 | H6: 4081881.7 | I6: ==F6/H6
A7: 深交所 | B7: 159919 | C7: 沪深300ETF嘉实 | D7: 46211 | E7: 536871.66 | F7: ==E7-E6 | G7: ==F7/E6 | H7: 4081881.7 | I7: ==F7/H7
A8: 深交所 | B8: 159919 | C8: 沪深300ETF嘉实 | D8: 46212 | E8: 534351.66 | F8: ==E8-E7 | G8: ==F8/E7 | H8: 4081881.7 | I8: ==F8/H8
A9: 深交所 | B9: 159919 | C9: 沪深300ETF嘉实 | D9: 46213 | E9: 538041.66 | F9: ==E9-E8 | G9: ==F9/E8 | H9: 4081881.7 | I9: ==F9/H9
A10: 深交所 | B10: 159919 | C10: 沪深300ETF嘉实 | D10: 46216 | E10: 560991.66 | F10: ==E10-E9 | G10: ==F10/E9 | H10: 4081881.7 | I10: ==F10/H10
A11: 深交所 | B11: 159919 | C11: 沪深300ETF嘉实 | D11: 46217 | E11: 561441.66 | F11: ==E11-E10 | G11: ==F11/E10 | H11: 4081881.7 | I11: ==F11/H11
A12: 深交所 | B12: 159919 | C12: 沪深300ETF嘉实 | D12: 46218 | E12: 556941.66 | F12: ==E12-E11 | G12: ==F12/E11 | H12: 4081881.7 | I12: ==F12/H12
A13: 深交所 | B13: 159919 | C13: 沪深300ETF嘉实 | D13: 46219 | E13: 568371.66 | F13: ==E13-E12 | G13: ==F13/E12 | H13: 4081881.7 | I13: ==F13/H13
A14: 深交所 | B14: 159919 | C14: 沪深300ETF嘉实 | D14: 46220 | E14: 623901.66 | F14: ==E14-E13 | G14: ==F14/E13 | H14: 4081881.7 | I14: ==F14/H14
... A25: 深交所 | B25: 159919 | C25: 沪深300ETF嘉实 | D25: 46237 | E25: 670521.66 | F25: ==E25-E24 | G25: ==F25/E24 | H25: 4081881.7 | I25: ==F25/H25
A26: 深交所 | B26: 159919 | C26: 沪深300ETF嘉实 | D26: 46238 | E26: 661251.66 | F26: =E26-E25 | G26: =F26/E25 | H26: 4081881.7 | I26: =F26/H26
A27: 深交所 | B27: 159919 | C27: 沪深300ETF嘉实 | D27: 46239 | E27: 651801.66 | F27: =E27-E26 | G27: =F27/E26 | H27: 4081881.7 | I27: =F27/H27
A28: 深交所 | B28: 159919 | C28: 沪深300ETF嘉实 | D28: 46240 | E28: 648831.66 | F28: =E28-E27 | G28: =F28/E27 | H28: 4081881.7 | I28: =F28/H28
A29: 深交所 | B29: 159919 | C29: 沪深300ETF嘉实 | D29: 46241 | E29: 637851.66 | F29: =E29-E28 | G29: =F29/E28 | H29: 4081881.7 | I29: =F29/H29
A30: 深交所 | B30: 159919 | C30: 沪深300ETF嘉实 | D30: 46244 | E30: 633531.66 | F30: =E30-E29 | G30: =F30/E29 | H30: 4081881.7 | I30: =F30/H30
A31: 深交所 | B31: 159919 | C31: 沪深300ETF嘉实 | D31: 46245 | E31: 633981.66 | F31: =E31-E30 | G31: =F31/E30 | H31: 4081881.7 | I31: =F31/H31
A32: 深交所 | B32: 159919 | C32: 沪深300ETF嘉实 | D32: 46246 | E32: 628491.66 | F32: =E32-E31 | G32: =F32/E31 | H32: 4081881.7 | I32: =F32/H32
A33: 深交所 | B33: 159919 | C33: 沪深300ETF嘉实 | D33: 46247 | E33: 623541.66 | F33: =E33-E32 | G33: =F33/E32 | H33: 4081881.7 | I33: =F33/H33
A34: 深交所 | B34: 159919 | C34: 沪深300ETF嘉实 | D34: 46248 | E34: 622731.66 | F34: =E34-E33 | G34: =F34/E33 | H34: 4081881.7 | I34: =F34/H34
A35: 深交所 | B35: 159919 | C35: 沪深300ETF嘉实 | D35: 46251 | E35: 617241.66 | F35: =E35-E34 | G35: =F35/E34 | H35: 4081881.7 | I35: =F35/H35
A36: 深交所 | B36: 159919 | C36: 沪深300ETF嘉实 | D36: 46252 | E36: 613281.66 | F36: =E36-E35 | G36: =F36/E35 | H36: 4081881.7 | I36: =F36/H36
A37: 深交所 | B37: 159919 | C37: 沪深300ETF嘉实 | D37: 46253 | E37: 626601.66 | F37: =E37-E36 | G37: =F37/E36 | H37: 4081881.7 | I37: =F37/H37
... A80: 深交所 | B80: 159919 | C80: 沪深300ETF嘉实 | D80: 46322 | E80: 1039611.7 | F80: =E80-E79 | G80: =F80/E79 | H80: 4081881.7 | I80: =F80/H80

Sheet 510300
A1: 来源 | B1: 代码 | C1: 名称 | D1: 日期 | E1: 当日公示份额（万份） | F1: 当日变化 | G1: 环比变动比例 | H1: 基期总份额 | I1: 相对基期变动比例
A2: 上交所 | B2: 510300 | C2: 沪深300etf华泰柏瑞 | D2: 46204 | E2: 1839558.8 | H2: 8882958.8
A3: 上交所 | B3: 510300 | C3: 沪深300etf华泰柏瑞 | D3: 46205 | E3: 1853238.8 | F3: ==E3-E2 | G3: ==F3/E2 | H3: 8882958.8 | I3: ==F3/H3
A4: 上交所 | B4: 510300 | C4: 沪深300etf华泰柏瑞 | D4: 46206 | E4: 1706988.8 | F4: ==E4-E3 | G4: ==F4/E3 | H4: 8882958.8 | I4: ==F4/H4
A5: 上交所 | B5: 510300 | C5: 沪深300etf华泰柏瑞 | D5: 46209 | E5: 1682148.8 | F5: ==E5-E4 | G5: ==F5/E4 | H5: 8882958.8 | I5: ==F5/H5
A6: 上交所 | B6: 510300 | C6: 沪深300etf华泰柏瑞 | D6: 46210 | E6: 1709418.8 | F6: ==E6-E5 | G6: ==F6/E5 | H6: 8882958.8 | I6: ==F6/H6
A7: 上交所 | B7: 510300 | C7: 沪深300etf华泰柏瑞 | D7: 46211 | E7: 1720308.8 | F7: ==E7-E6 | G7: ==F7/E6 | H7: 8882958.8 | I7: ==F7/H7
A8: 上交所 | B8: 510300 | C8: 沪深300etf华泰柏瑞 | D8: 46212 | E8: 1721478.8 | F8: ==E8-E7 | G8: ==F8/E7 | H8: 8882958.8 | I8: ==F8/H8
A9: 上交所 | B9: 510300 | C9: 沪深300etf华泰柏瑞 | D9: 46213 | E9: 1715718.8 | F9: ==E9-E8 | G9: ==F9/E8 | H9: 8882958.8 | I9: ==F9/H9
A10: 上交所 | B10: 510300 | C10: 沪深300etf华泰柏瑞 | D10: 46216 | E10: 1832088.8 | F10: ==E10-E9 | G10: ==F10/E9 | H10: 8882958.8 | I10: ==F10/H10
A11: 上交所 | B11: 510300 | C11: 沪深300etf华泰柏瑞 | D11: 46217 | E11: 1848198.8 | F11: ==E11-E10 | G11: ==F11/E10 | H11: 8882958.8 | I11: ==F11/H11
A12: 上交所 | B12: 510300 | C12: 沪深300etf华泰柏瑞 | D12: 46218 | E12: 1839558.8 | F12: ==E12-E11 | G12: ==F12/E11 | H12: 8882958.8 | I12: ==F12/H12
A13: 上交所 | B13: 510300 | C13: 沪深300etf华泰柏瑞 | D13: 46219 | E13: 1970148.8 | F13: ==E13-E12 | G13: ==F13/E12 | H13: 8882958.8 | I13: ==F13/H13
A14: 上交所 | B14: 510300 | C14: 沪深300etf华泰柏瑞 | D14: 46220 | E14: 2171658.8 | F14: ==E14-E13 | G14: ==F14/E13 | H14: 8882958.8 | I14: ==F14/H14
... A25: 上交所 | B25: 510300 | C25: 沪深300etf华泰柏瑞 | D25: 46237 | E25: 2705808.8 | F25: ==E25-E24 | G25: ==F25/E24 | H25: 8882958.8 | I25: ==F25/H25
A26: 上交所 | B26: 510300 | C26: 沪深300etf华泰柏瑞 | D26: 46238 | E26: 2653068.8 | F26: =E26-E25 | G26: =F26/E25 | H26: 8882958.8 | I26: =F26/H26
A27: 上交所 | B27: 510300 | C27: 沪深300etf华泰柏瑞 | D27: 46239 | E27: 2593758.8 | F27: =E27-E26 | G27: =F27/E26 | H27: 8882958.8 | I27: =F27/H27
A28: 上交所 | B28: 510300 | C28: 沪深300etf华泰柏瑞 | D28: 46240 | E28: 2570538.8 | F28: =E28-E27 | G28: =F28/E27 | H28: 8882958.8 | I28: =F28/H28
A29: 上交所 | B29: 510300 | C29: 沪深300etf华泰柏瑞 | D29: 46241 | E29: 2512848.8 | F29: =E29-E28 | G29: =F29/E28 | H29: 8882958.8 | I29: =F29/H29
A30: 上交所 | B30: 510300 | C30: 沪深300etf华泰柏瑞 | D30: 46244 | E30: 2486118.8 | F30: =E30-E29 | G30: =F30/E29 | H30: 8882958.8 | I30: =F30/H30
A31: 上交所 | B31: 510300 | C31: 沪深300etf华泰柏瑞 | D31: 46245 | E31: 2482428.8 | F31: =E31-E30 | G31: =F31/E30 | H31: 8882958.8 | I31: =F31/H31
A32: 上交所 | B32: 510300 | C32: 沪深300etf华泰柏瑞 | D32: 46246 | E32: 2416818.8 | F32: =E32-E31 | G32: =F32/E31 | H32: 8882958.8 | I32: =F32/H32
A33: 上交所 | B33: 510300 | C33: 沪深300etf华泰柏瑞 | D33: 46251 | E33: 2304408.8 | F33: =E33-E32 | G33: =F33/E32 | H33: 8882958.8 | I33: =F33/H33
A34: 上交所 | B34: 510300 | C34: 沪深300etf华泰柏瑞 | D34: 46253 | E34: 2385858.8 | F34: =E34-E33 | G34: =F34/E33 | H34: 8882958.8 | I34: =F34/H34
A35: 上交所 | B35: 510300 | C35: 沪深300etf华泰柏瑞 | D35: 46254 | E35: 2374338.8 | F35: =E35-E34 | G35: =F35/E34 | H35: 8882958.8 | I35: =F35/H35
A36: 上交所 | B36: 510300 | C36: 沪深300etf华泰柏瑞 | D36: 46258 | E36: 2380908.8 | F36: =E36-E35 | G36: =F36/E35 | H36: 8882958.8 | I36: =F36/H36
A37: 上交所 | B37: 510300 | C37: 沪深300etf华泰柏瑞 | D37: 46259 | E37: 2405298.8 | F37: =E37-E36 | G37: =F37/E36 | H37: 8882958.8 | I37: =F37/H37
... A74: 上交所 | B74: 510300 | C74: 沪深300etf华泰柏瑞 | D74: 46322 | E74: 3623808.8 | F74: =E74-E73 | G74: =F74/E73 | H74: 8882958.8 | I74: =F74/H74

Sheet 总结
A1: 代码 | B1: 名称 | C1: 最新日期 | D1: 公示份额 | E1: 当日变化 | F1: 环比昨日变动 | G1: 相对基期变动 | H1: 状态 | I1: 连续n日累计变动比例
A2: 510050 | B2: 上证50华夏 | C2: =INDEX('510050'!$D:$D,COUNTA('510050'!$D:$D)) | D2: =INDEX('510050'!$E:$E,COUNTA('510050'!$E:$E)) | E2: =INDEX('510050'!$F:$F,COUNTA('510050'!$E:$E)) | F2: =INDEX('510050'!$G:$G,COUNTA('510050'!$E:$E)) | G2: =INDEX('510050'!$I:$I,COUNTA('510050'!$E:$E)) | H2: 反转增持 | I2: =SUM(INDEX('510050'!$I:$I,COUNTA('510050'!$E:$E)-1+1):INDEX('510050'!$I:$I,COUNTA('510050'!$E:$E)))
A3: 510300 | B3: 沪深300etf华泰柏瑞 | C3: =INDEX('510300'!$D:$D,COUNTA('510300'!$D:$D)) | D3: =INDEX('510300'!$E:$E,COUNTA('510300'!$E:$E)) | E3: =INDEX('510300'!$F:$F,COUNTA('510300'!$E:$E)) | F3: =INDEX('510300'!$G:$G,COUNTA('510300'!$E:$E)) | G3: =INDEX('510300'!$I:$I,COUNTA('510300'!$E:$E)) | H3: 连续9日增持 | I3: =SUM(INDEX('510300'!$I:$I,COUNTA('510300'!$E:$E)-9+1):INDEX('510300'!$I:$I,COUNTA('510300'!$E:$E)))
A4: 159919 | B4: 沪深300ETF嘉实 | C4: =INDEX('159919'!$D:$D,COUNTA('159919'!$D:$D)) | D4: =INDEX('159919'!$E:$E,COUNTA('159919'!$E:$E)) | E4: =INDEX('159919'!$F:$F,COUNTA('159919'!$E:$E)) | F4: =INDEX('159919'!$G:$G,COUNTA('159919'!$E:$E)) | G4: =INDEX('159919'!$I:$I,COUNTA('159919'!$E:$E)) | H4: 反转减持 | I4: =SUM(INDEX('159919'!$I:$I,COUNTA('159919'!$E:$E)-1+1):INDEX('159919'!$I:$I,COUNTA('159919'!$E:$E)))
A5: 159915 | B5: 易方达创业板ETF | C5: =INDEX('159915'!$D:$D,COUNTA('159915'!$D:$D)) | D5: =INDEX('159915'!$E:$E,COUNTA('159915'!$E:$E)) | E5: =INDEX('159915'!$F:$F,COUNTA('159915'!$E:$E)) | F5: =INDEX('159915'!$G:$G,COUNTA('159915'!$E:$E)) | G5: =INDEX('159915'!$I:$I,COUNTA('159915'!$E:$E)) | H5: 连续14日增持 | I5: =SUM(INDEX('159915'!$I:$I,COUNTA('159915'!$E:$E)-14+1):INDEX('159915'!$I:$I,COUNTA('159915'!$E:$E)))

Sheet 159915
A1: 来源 | B1: 代码 | C1: 名称 | D1: 日期 | E1: 当日公示份额（万份） | F1: 当日变化 | G1: 环比变动比例 | H1: 基期总份额 | I1: 相对基期变动比例
A2: 深交所 | B2: 159915 | C2: 易方达创业板ETF | D2: 46204 | E2: 1069445.5 | H2: 3150245.5
A3: 深交所 | B3: 159915 | C3: 易方达创业板ETF | D3: 46205 | E3: 1116545.5 | F3: ==E3-E2 | G3: ==F3/E2 | H3: 3150245.5 | I3: ==F3/H3
A4: 深交所 | B4: 159915 | C4: 易方达创业板ETF | D4: 46206 | E4: 1104245.5 | F4: ==E4-E3 | G4: ==F4/E3 | H4: 3150245.5 | I4: ==F4/H4
A5: 深交所 | B5: 159915 | C5: 易方达创业板ETF | D5: 46209 | E5: 1114345.5 | F5: ==E5-E4 | G5: ==F5/E4 | H5: 3150245.5 | I5: ==F5/H5
A6: 深交所 | B6: 159915 | C6: 易方达创业板ETF | D6: 46210 | E6: 1153345.5 | F6: ==E6-E5 | G6: ==F6/E5 | H6: 3150245.5 | I6: ==F6/H6
A7: 深交所 | B7: 159915 | C7: 易方达创业板ETF | D7: 46211 | E7: 1174645.5 | F7: ==E7-E6 | G7: ==F7/E6 | H7: 3150245.5 | I7: ==F7/H7
A8: 深交所 | B8: 159915 | C8: 易方达创业板ETF | D8: 46212 | E8: 1180045.5 | F8: ==E8-E7 | G8: ==F8/E7 | H8: 3150245.5 | I8: ==F8/H8
A9: 深交所 | B9: 159915 | C9: 易方达创业板ETF | D9: 46213 | E9: 1180145.5 | F9: ==E9-E8 | G9: ==F9/E8 | H9: 3150245.5 | I9: ==F9/H9
A10: 深交所 | B10: 159915 | C10: 易方达创业板ETF | D10: 46216 | E10: 1233845.5 | F10: ==E10-E9 | G10: ==F10/E9 | H10: 3150245.5 | I10: ==F10/H10
A11: 深交所 | B11: 159915 | C11: 易方达创业板ETF | D11: 46217 | E11: 1246945.5 | F11: ==E11-E10 | G11: ==F11/E10 | H11: 3150245.5 | I11: ==F11/H11
A12: 深交所 | B12: 159915 | C12: 易方达创业板ETF | D12: 46218 | E12: 1245645.5 | F12: ==E12-E11 | G12: ==F12/E11 | H12: 3150245.5 | I12: ==F12/H12
A13: 深交所 | B13: 159915 | C13: 易方达创业板ETF | D13: 46219 | E13: 1302445.5 | F13: ==E13-E12 | G13: ==F13/E12 | H13: 3150245.5 | I13: ==F13/H13
A14: 深交所 | B14: 159915 | C14: 易方达创业板ETF | D14: 46220 | E14: 1492045.5 | F14: ==E14-E13 | G14: ==F14/E13 | H14: 3150245.5 | I14: ==F14/H14
... A25: 深交所 | B25: 159915 | C25: 易方达创业板ETF | D25: 46237 | E25: 2035945.5 | F25: ==E25-E24 | G25: ==F25/E24 | H25: 3150245.5 | I25: ==F25/H25
A26: 深交所 | B26: 159915 | C26: 易方达创业板ETF | D26: 46238 | E26: 1940445.5 | F26: =E26-E25 | G26: =F26/E25 | H26: 3150245.5 | I26: =F26/H26
A27: 深交所 | B27: 159915 | C27: 易方达创业板ETF | D27: 46239 | E27: 1897845.5 | F27: =E27-E26 | G27: =F27/E26 | H27: 3150245.5 | I27: =F27/H27
A28: 深交所 | B28: 159915 | C28: 易方达创业板ETF | D28: 46240 | E28: 1876845.5 | F28: =E28-E27 | G28: =F28/E27 | H28: 3150245.5 | I28: =F28/H28
A29: 深交所 | B29: 159915 | C29: 易方达创业板ETF | D29: 46241 | E29: 1833945.5 | F29: =E29-E28 | G29: =F29/E28 | H29: 3150245.5 | I29: =F29/H29
A30: 深交所 | B30: 159915 | C30: 易方达创业板ETF | D30: 46244 | E30: 1857445.5 | F30: =E30-E29 | G30: =F30/E29 | H30: 3150245.5 | I30: =F30/H30
A31: 深交所 | B31: 159915 | C31: 易方达创业板ETF | D31: 46245 | E31: 1816745.5 | F31: =E31-E30 | G31: =F31/E30 | H31: 3150245.5 | I31: =F31/H31
A32: 深交所 | B32: 159915 | C32: 易方达创业板ETF | D32: 46246 | E32: 1798145.5 | F32: =E32-E31 | G32: =F32/E31 | H32: 3150245.5 | I32: =F32/H32
A33: 深交所 | B33: 159915 | C33: 易方达创业板ETF | D33: 46247 | E33: 1766045.5 | F33: =E33-E32 | G33: =F33/E32 | H33: 3150245.5 | I33: =F33/H33
A34: 深交所 | B34: 159915 | C34: 易方达创业板ETF | D34: 46248 | E34: 1746045.5 | F34: =E34-E33 | G34: =F34/E33 | H34: 3150245.5 | I34: =F34/H34
A35: 深交所 | B35: 159915 | C35: 易方达创业板ETF | D35: 46251 | E35: 1711445.5 | F35: =E35-E34 | G35: =F35/E34 | H35: 3150245.5 | I35: =F35/H35
A36: 深交所 | B36: 159915 | C36: 易方达创业板ETF | D36: 46252 | E36: 1719145.5 | F36: =E36-E35 | G36: =F36/E35 | H36: 3150245.5 | I36: =F36/H36
A37: 深交所 | B37: 159915 | C37: 易方达创业板ETF | D37: 46253 | E37: 1841045.5 | F37: =E37-E36 | G37: =F37/E36 | H37: 3150245.5 | I37: =F37/H37
... A80: 深交所 | B80: 159915 | C80: 易方达创业板ETF | D80: 46322 | E80: 3514445.5 | F80: =E80-E79 | G80: =F80/E79 | H80: 3150245.5 | I80: =F80/H80
